﻿<?xml version="1.0" encoding="utf-8"?><Device Name="Application"><Policies><Policy AutoChangeOnAdd="No" AutoVerifyOnAdd="No" ID="CyberArk-HealthCheck" PlatformBaseID="CyberArk" PlatformBaseProtocol="CyberArk" PlatformBaseType="CyberArk">
          <TicketingSystem EnterTicketingInfo="No" ValidateTicketNumber="No" />
          <Properties>
            <Required>
              <Property Name="Username" />
              <Property Name="Address" />
            </Required>
            <Optional>
            </Optional>
          </Properties>
          <PrivilegedSessionManagement ID="PSMServer_53cd5eb" />
          <ConnectionComponents>
            <ConnectionComponent Id="PSM-PVWA" Enable="No" />
            <ConnectionComponent Id="PSM-PVWA-v10" Enable="No" />
            <ConnectionComponent Id="PSM-PrivateArkClient" Enable="No" />
          </ConnectionComponents>
        </Policy></Policies></Device>